id,name
1,Raul Mosciski
2,Jan Walker
3,Teresa Weber
4,Francis Medhurst
5,Domingo Buckridge
6,Jackie Witting IV
7,Evan Williamson
8,Clint Mertz
9,Cheryl Schulist
10,Ronald Feest
11,Pat Nicolas
12,Christian Rowe
13,Ms. Herbert Macejkovic
14,Paulette Huel DDS
15,Elsie Christiansen
16,Edwin Lockman
17,Van Turner
18,Sheila Mertz
19,Jay Schmeler
20,Mr. Ella Collier
21,Bobby Howe
22,Brandon Quitzon
23,Glen Fritsch
24,Anna Harvey
25,Dennis Hammes V
26,Cecelia Kovacek
27,Mrs. Jodi Mayert
28,Bethany Johnston
29,Jeannette Price
30,Nina Beier
31,Ervin Corkery
32,Eva Konopelski III
33,Lola Gutmann
34,Lena Swaniawski
35,Vanessa Bruen II
36,Tina Douglas
37,Phillip Stokes
38,Pamela Lockman
39,Amos Schowalter I
40,Andrea Kuhic V
41,May Weissnat
42,Muriel Bechtelar PhD
43,Bruce Strosin
44,Courtney Mohr
45,Winifred Nikolaus
46,Marianne Stroman
47,Joy Keebler
48,Lorena Roob
49,April Goldner DDS
50,Lucia Ernser
51,Bridget Kirlin
52,Kim Little PhD
53,Darryl Nienow
54,Francis Adams
55,Ms. Norma McDermott
56,Lisa Bauch
57,Jose Bogisich
58,Willie Botsford
59,Olive Dach
60,Dr. Ora Kuhn
61,Claude Cummerata
62,Joan Herzog
63,Clyde Aufderhar DVM
64,Violet Bergnaum
65,Lydia Schaefer
66,Dale Kunde DVM
67,Viola Huel
68,Kellie Wunsch
69,Barbara Heathcote MD
70,Elsie Okuneva
71,Jon Jaskolski
72,Victoria Grant
73,Horace MacGyver
74,Cecil Volkman
75,Jeremiah Crooks DVM
76,Alfred Gislason III
77,Lorena Ryan
78,Bethany Casper
79,Elias Rippin
80,Miss Santiago Funk
81,Luis Koss
82,Ms. Laurence Muller
83,Jenny Bahringer II
84,Benjamin Kovacek
85,Matthew MacGyver
86,Michael Schuster
87,Pamela Gutmann
88,Virginia Stehr
89,Pat Senger
90,Candace Brakus
91,Joe Wehner
92,Jackie Metz
93,Dr. Tyrone Lueilwitz
94,Christine Dare
95,Karl Haag
96,Dr. Glen Rodriguez
97,Salvatore Feeney MD
98,Delores Robel
99,Mr. Pamela Stanton
100,Jamie Marquardt
